Region,Climate,Plot Size (ha),LiDAR TCH,Basal Area,BA-weighted WD,EACDfield,Regional ACD Model,General ACD Model
Colombia,moist,0.2827,2.66998461,0.793875333,0.653355749,1.705451983,7.300003306,7.899623926
Colombia,moist,0.2827,13.79619561,16.83981994,0.609152123,60.45674978,58.59217523,60.1429059
Colombia,moist,0.2827,11.49267211,18.11695928,0.627281444,61.0221564,46.47569045,48.11607104
Colombia,moist,0.2827,27.67444346,33.50384586,0.611023447,165.2113374,141.6542088,138.8792454
Colombia,moist,0.2827,25.9994803,29.21240325,0.618812396,140.161415,130.8712576,128.9838339
Colombia,moist,0.2827,28.66194281,27.28299753,0.599833691,113.8264815,148.0946695,144.7471926
Colombia,moist,0.2827,20.90683258,25.61838475,0.617714499,102.2525408,99.26115552,99.44077433
Colombia,moist,0.2827,22.72141878,28.07421683,0.642747846,119.9904469,110.3112489,109.8616865
Colombia,moist,0.2827,18.19483469,17.61193644,0.544447658,64.09382722,83.22586762,84.13024853
Colombia,moist,0.2827,25.76386642,28.89055528,0.608804947,126.2337348,129.3690648,127.5981228
Hawaii,dry,0.1257,0.08,3.186782438,0.612810301,8.745742376,2.268868417,0.283665683
Hawaii,dry,0.1257,0.15,0.51823125,0.570963855,1.195915707,3.617421074,0.623463424
Hawaii,dry,0.2827,3.65,16.87318889,0.679009796,53.7930009,38.64350229,33.94783507
Hawaii,dry,0.2827,6.3,20.79211944,0.668922409,59.79944863,57.94095763,67.18982615
Hawaii,dry,0.2827,2.58,6.875747222,0.69,21.54802241,29.8720073,21.99090163
Hawaii,dry,0.2827,13.03,26.33543333,0.682750978,83.54567338,99.35508699,166.5196395
Hawaii,dry,0.2827,2.72,10.76484722,0.58475796,25.07360308,31.06666464,23.49461784
Hawaii,dry,0.2827,3.23,10.91143611,0.689438095,29.45935762,35.29222262,29.13243542
Hawaii,dry,0.2827,3.76,13.26173611,0.634931923,33.76378313,39.50441481,35.23278142
Hawaii,dry,0.2827,4.19,10.44178889,0.640351988,18.25185407,42.80977904,40.34439266
Hawaii,dry,0.2827,5.15,15.38241667,0.641834504,27.14747422,49.89173779,52.22169959
Hawaii,dry,0.2827,8.33,36.78548056,0.88,123.0902462,71.28591161,95.25858142
Hawaii,dry,0.2827,14.87,38.86162778,0.689203528,118.7294973,109.5874656,196.3353011
Hawaii,dry,0.2827,3.59,11.70033333,0.687992471,35.01693166,38.1710981,33.25100748
Hawaii,dry,0.2827,6.02,19.45200278,0.689733332,60.27701085,56.01881632,63.47739795
Hawaii,dry,0.2827,7.13,30.87211944,0.675080898,90.09757999,63.51435663,78.43125318
Hawaii,dry,0.2827,4.34,9.567808333,0.626857856,23.27757558,43.94190056,42.15929323
Hawaii,dry,0.2827,4.93,11.35330278,0.56767601,23.17677679,48.30126412,49.44672548
Hawaii,dry,0.2827,1.18,8.363422222,0.83451167,17.88465448,16.71670381,8.257969528
Hawaii,dry,0.2827,1.21,10.49142222,0.69,34.57331306,17.03106686,8.521726421
Hawaii,dry,0.2827,0.74,5.159916667,0.785676556,11.71904658,11.8240757,4.603332681
Hawaii,dry,0.2827,0.53,9.664377778,0.69,29.28422063,9.229918135,3.030465795
Hawaii,dry,0.2827,0.46,3.231705556,0.76156388,5.095766355,8.308953428,2.537769156
Hawaii,dry,0.2827,0.35,1.310911111,0.6683692,1.823244334,6.783730487,1.802092828
Hawaii,dry,0.2827,0.53,2.111541667,0.529004506,2.311074211,9.229918135,3.030465795
Hawaii,dry,0.2827,1.33,4.4574,0.853275701,9.154190517,18.26907077,9.592983912
Hawaii,dry,0.2827,0.95,7.338386111,0.877960133,17.86949531,14.23237066,6.294382894
Hawaii,dry,0.2827,0.94,5.539591667,0.69,17.71185162,14.12104425,6.21151308
Hawaii,dry,0.2827,0.83,4.289094444,0.6465639,11.59517814,12.87530053,5.315005191
Hawaii,dry,0.2827,1.57,6.720452778,0.801881369,12.18066692,20.66246365,11.80788291
Hawaii,dry,0.2827,3.06,10.13738056,0.690303733,28.9649794,33.90424479,27.22642034
Hawaii,dry,0.2827,3.12,13.69047778,0.685824611,42.01077121,34.39633658,27.89617912
Hawaii,dry,0.2827,1.34,9.667930556,0.69,28.74121217,18.3709059,9.683390885
Hawaii,dry,0.2827,2.61,10.05587778,0.685958736,30.49433454,30.12938458,22.31144263
Hawaii,moist,0.2827,10.53,36.97823611,0.679722294,119.9396524,107.053028,100.4946446
Hawaii,moist,0.2827,10.39,17.5481,0.793850597,69.46378778,105.7331352,98.89409461
Hawaii,moist,0.2827,13.16,24.52469722,0.778356799,99.75283757,131.6277232,131.0990567
Hawaii,moist,0.2827,10.45,37.32562778,0.671721966,111.9870873,106.2989617,99.57964211
Hawaii,moist,0.2827,6.64,27.55876667,0.684923318,77.33562332,69.8199906,57.51803155
Hawaii,moist,0.2827,9.31,35.31247222,0.679193839,108.8563174,95.50588144,86.66398134
Hawaii,moist,0.2827,4.88,16.32685278,0.689719357,46.3464398,52.48194543,39.45221204
Hawaii,moist,0.2827,4.99,15.26806389,0.690047157,40.24915076,53.57755451,40.5472022
Hawaii,moist,0.2827,4.11,14.60659722,0.69,40.26806266,44.75941041,31.93792467
Hawaii,moist,0.2827,8.45,14.16728889,0.348419677,23.59440291,87.30006794,77.08967231
Hawaii,moist,0.181,19.86,39.84406973,0.571254357,150.5917832,192.7543454,212.0019729
Hawaii,moist,0.181,18.43,36.73394097,0.614961025,162.9693065,179.8551958,194.5139137
Hawaii,moist,0.181,18.58,46.07484713,0.595530794,201.9139937,181.2115966,196.3445862
Hawaii,moist,0.181,19.62,33.58090905,0.630069699,146.2731001,190.5943302,209.0618143
Hawaii,moist,0.181,20.52,50.55394724,0.524446575,201.7130036,198.6846242,220.0961581
Hawaii,moist,0.181,25.23,54.45934703,0.663459239,249.1121498,240.6263748,278.0450846
Hawaii,moist,0.181,21.28,45.76397135,0.662928823,225.5665666,205.4962023,229.4300989
Hawaii,moist,0.181,24.04,54.28381366,0.639927806,245.0882383,230.0882825,263.3945171
Hawaii,moist,0.181,23.41,53.98500579,0.647524725,252.3173604,224.4939488,255.6371758
Hawaii,moist,0.181,23.62,73.07923949,0.657417913,343.034332,226.3599354,258.2228923
Hawaii,moist,0.181,26.39,64.80424624,0.662198636,313.2832667,250.8638571,292.3151822
Hawaii,moist,0.181,27.16,72.27662857,0.653545979,341.922137,257.6411883,301.7770042
Hawaii,moist,0.181,15.52,18.27792969,0.625856616,65.60953597,153.371925,159.2382125
Hawaii,moist,0.181,14.49,24.28654514,0.589986716,84.1135714,143.9139637,146.8934769
Hawaii,moist,0.181,16.2,31.25024306,0.582769519,100.3652665,159.5907105,167.4338878
Hawaii,moist,0.181,12.39,34.66790799,0.558034081,114.1823062,124.4735722,122.0432792
Hawaii,moist,0.181,13.79,28.05667535,0.535340006,107.3236051,137.4583072,138.5582194
Hawaii,moist,0.181,14.87,41.41603299,0.529322744,138.324538,147.4088531,151.4373924
Hawaii,moist,0.181,16.41,39.65476128,0.663074656,238.551013,161.5073259,169.9714883
Hawaii,moist,0.181,15.78,50.4600217,0.663933439,243.218055,155.7520021,162.3678638
Hawaii,moist,0.181,11.12,29.7537635,0.655753904,158.0946481,112.6015524,107.2747737
Hawaii,moist,0.1257,13.21,49.6610125,0.608248222,153.6438839,132.0912013,131.6894811
Hawaii,moist,0.1257,11.12,47.6542375,0.621508649,142.6177238,112.6015524,107.2747737
Hawaii,moist,0.1257,0.81,11.98212706,0.644718104,32.30759315,9.933367769,4.24350773
Hawaii,moist,0.1257,13.27,52.03153125,0.566795468,150.6206551,132.6472058,132.3983579
Hawaii,moist,0.1257,13.33,44.00464375,0.679222059,165.3934341,133.2030266,133.107632
Hawaii,moist,0.1257,0.14,3.123780313,0.69,9.386538375,1.95198197,0.47214045
Hawaii,moist,0.1257,1.07,9.798998125,0.689549067,27.36761696,12.85749339,6.006640976
Hawaii,moist,0.1257,8.84,29.973675,0.69,89.2545768,91.02852332,81.41199923
Hawaii,moist,0.1257,11.05,18.24700625,0.621505802,57.87295848,111.9444005,106.4674921
Hawaii,moist,0.1257,9.55,18.996775,0.680969842,67.64953275,97.78577167,89.36299763
Hawaii,moist,0.1257,9.54,11.59745,0.682026232,39.00865223,97.69086059,89.25031514
Hawaii,moist,0.1257,1.29,4.340425,0.661202935,10.79089613,15.29062506,7.583961726
Hawaii,moist,0.1257,4.6,12.6969,0.676550103,42.19474177,49.68486281,36.68838674
Hawaii,moist,0.1257,3.9,13.79875,0.645373591,37.22505221,42.63560156,29.93816139
Hawaii,moist,0.1257,3.23,9.48974375,0.656834945,28.61527998,35.8010105,23.71993983
Hawaii,moist,0.1257,3.37,9.84180625,0.656154377,25.15731052,37.23706385,24.99756451
Hawaii,moist,0.1257,3.29,11.0496375,0.689129977,28.1794057,36.41700798,24.2660116
Hawaii,moist,0.1257,8.22,8.60816875,0.683172699,29.34590514,85.09536613,74.55665505
Hawaii,moist,0.1257,5.15,8.70883125,0.679038763,26.71812971,55.16802902,42.14883546
Hawaii,moist,0.1257,3.7,12.80215,0.644520452,30.31152454,40.60514147,28.05526033
Hawaii,moist,0.1257,6.34,24.9799125,0.634930802,68.61497532,66.8911922,54.36299417
Hawaii,moist,0.1257,0.13,0.81586875,0.567346157,1.966009181,1.822401883,0.430300094
Hawaii,moist,0.1257,2.28,10.84358125,0.61860773,24.75995095,25.92309546,15.40453598
Hawaii,moist,0.1257,3.74,13.53941875,0.653712069,40.45244617,41.01186217,28.43010031
Hawaii,moist,0.1257,3.18,10.902825,0.683482096,32.70707675,35.28704046,23.26660802
Hawaii,moist,0.1257,13.45,41.41605,0.606058394,132.2289779,134.3141203,134.5273579
Hawaii,moist,0.1257,15.59,57.909925,0.635924592,205.9271893,154.0129998,160.0803079
Hawaii,moist,0.1257,16.17,66.00941875,0.637594395,249.4750775,159.3167606,167.0716174
Hawaii,moist,0.1257,7.52,23.88870625,0.689821045,75.11725762,78.35702602,66.92597413
Hawaii,moist,0.1257,9.85,25.87349375,0.69,76.41562672,100.6297616,92.75226826
Hawaii,moist,0.1257,12.12,45.03104375,0.677528092,153.5186659,121.9573665,118.8851433
Hawaii,moist,0.1257,12.86,53.24363125,0.676617593,187.2234997,128.844132,127.5624783
Hawaii,moist,0.1257,15.13,39.9110125,0.674117957,141.5006146,149.7963234,154.5535784
Hawaii,moist,0.1257,14.32,41.72415625,0.670155904,150.4684577,142.3483001,144.8648932
Hawaii,moist,0.2827,1.92,16.83153611,0.88,54.6484259,22.10597828,12.4428539
Hawaii,moist,0.2827,11.52,37.14688333,0.618948707,128.9781424,116.3509659,111.9018786
Hawaii,moist,0.2827,16.32,41.07555833,0.669478301,164.8530684,160.6861403,168.8835825
Hawaii,moist,0.2827,6.64,17.86070556,0.533737514,55.84296968,69.8199906,57.51803155
Hawaii,moist,0.2827,14.61,33.71423889,0.53024786,99.21096995,145.0183287,148.3270111
Hawaii,moist,0.2827,10.59,13.98814444,0.58292813,56.44189688,107.6183026,101.181594
Hawaii,moist,0.2827,7.21,20.23198889,0.640218034,91.05253311,75.35846021,63.58700471
Hawaii,moist,0.2827,13.03,30.69165,0.656434472,141.3141339,130.4220762,129.5652718
Hawaii,moist,0.2827,8.11,17.70312778,0.620691106,72.181918,84.03935576,73.34958237
Hawaii,moist,0.2827,17.47,37.88103889,0.67849702,146.6714729,171.1548035,182.8225163
Hawaii,moist,0.2827,5.04,19.15715556,0.689090166,47.89278038,54.07497284,41.04658924
Hawaii,moist,0.2827,12.48,34.82630278,0.68353782,133.210824,125.3114126,123.0980512
Hawaii,moist,0.2827,3.57,13.03756667,0.69,37.75098365,39.28105848,26.8432084
Hawaii,moist,0.2827,1.48,10.25206944,0.689857779,30.3850586,17.36739159,9.000086619
Hawaii,moist,0.2827,0.75,5.33395,0.69,13.02454451,9.249460149,3.854604005
Hawaii,moist,0.2827,18.04,50.54020556,0.602548334,188.4630991,176.3247575,189.7588842
Hawaii,moist,0.2827,18.67,52.31476389,0.654516809,208.0788775,182.0250525,197.4434511
Hawaii,moist,0.2827,2.26,10.94507778,0.55,17.0628566,25.71225708,15.2369427
Hawaii,moist,0.2827,20.96,34.84223056,0.595300381,125.779639,202.6303744,225.4984882
Hawaii,moist,0.2827,17.03,40.69876667,0.573462389,144.12773,167.1555387,177.4800132
Hawaii,moist,0.2827,0.1,0.212991667,0.638370698,0.586012745,1.428996793,0.309803811
Hawaii,moist,0.2827,12,20.92528889,0.599166815,63.49370542,120.8377421,117.4845746
Hawaii,moist,0.2827,15.74,33.91548056,0.54467818,65.4783253,155.3860242,161.886049
Hawaii,moist,0.2827,10.58,19.98625278,0.574605334,74.73999071,107.5241065,101.0670612
Hawaii,moist,0.2827,20.07,60.14834722,0.66461364,255.1035411,194.642793,214.5760651
Hawaii,moist,0.2827,17.83,56.00341111,0.657899996,261.2781317,174.4214473,187.2014658
Hawaii,moist,0.2827,19.76,48.90488889,0.646601705,228.5897648,191.8545723,210.7766851
Hawaii,moist,0.2827,22.22,53.51248056,0.662440216,276.4849249,213.8965452,240.9894286
Hawaii,moist,0.2827,14.89,26.11686667,0.522390973,66.92366791,147.5926124,151.6768961
Hawaii,moist,0.2827,15.82,38.33289444,0.553584869,120.8725234,156.1179122,162.8497966
Hawaii,moist,0.2827,16.33,37.24124167,0.583069005,137.9639614,160.7773994,169.0044343
Hawaii,moist,0.2827,16.844663,43.94173333,0.673132913,195.7243924,165.4687152,175.2329936
Hawaii,moist,0.2827,14.893904,36.345625,0.676116629,154.7635082,147.6284801,151.7236512
Hawaii,moist,0.2827,14.217724,25.30835556,0.55,47.74804918,141.4057061,143.6457507
Hawaii,moist,0.2827,17.269768,39.26203056,0.654396976,161.160558,169.3357715,180.3899381
Hawaii,moist,0.2827,12.274063,45.26081389,0.688030407,171.5607364,123.3936191,120.68604
Hawaii,moist,0.2827,0.911184,4.249025,0.69,9.711594335,11.07847792,4.915338637
Hawaii,moist,0.2827,13.894483,45.55664722,0.680436352,163.153417,138.4233807,139.7993105
Hawaii,moist,0.2827,0.284269,1.378377778,0.69,3.673915046,3.763469347,1.145850129
Hawaii,moist,0.2827,0.782946,3.512152778,0.69,8.054729778,9.625469443,4.067241124
Hawaii,moist,0.2827,14.506818,51.99506111,0.665584042,176.5175545,144.0687806,147.0943081
Hawaii,moist,0.2827,13.465008,53.04956944,0.667223076,180.5243863,134.4530299,134.7050277
Hawaii,moist,0.2827,0.954933,4.761013889,0.69,10.21917232,11.57065343,5.21165379
Hawaii,moist,0.2827,1.459699,5.695577778,0.65926997,13.26155244,17.14647055,8.846578566
Hawaii,moist,0.2827,8.620928,33.45279167,0.548103203,86.12570737,88.93567927,78.97992122
Hawaii,moist,0.2827,0.840797,3.385983333,0.688198882,9.625445538,10.28295207,4.445926744
Hawaii,moist,0.2827,11.909538,34.84855556,0.549926264,83.14549373,119.9931724,116.4300254
Hawaii,moist,0.2827,11.457732,26.35269722,0.568525847,84.20494084,115.7679286,111.1800349
Hawaii,moist,0.2827,0.961967,4.271177778,0.655712918,10.27263119,11.64963008,5.259610075
Hawaii,moist,0.2827,1.506004,6.924455556,0.69,20.96052449,17.65005118,9.197456009
Hawaii,moist,0.2827,0.932187,4.359777778,0.69,10.71371057,11.31497197,5.057169359
Hawaii,moist,0.2827,11.22923,39.72955278,0.689389261,141.7074365,113.6263877,108.5359648
Hawaii,moist,0.2827,0.845041,4.489166667,0.69,10.62717047,10.33105262,4.473965687
Hawaii,moist,0.2827,7.701997,29.252525,0.689831045,102.2832432,80.11321485,68.89809446
Hawaii,moist,0.2827,1.200138,7.145886111,0.69,19.73353453,14.3007677,6.931102795
Hawaii,moist,0.2827,0.329365,1.873441667,0.69,5.802534955,4.313810514,1.377672069
Hawaii,moist,0.2827,0.25468,1.335383333,0.679839372,3.728447274,3.398940997,0.998593566
Hawaii,moist,0.2827,1.300667,8.913136111,0.670130641,26.26183236,15.40778386,7.662206377
Hawaii,wet,0.2827,8.09,25.95953889,0.677166152,81.54083729,79.60793033,70.58241295
Hawaii,wet,0.2827,10.64,33.09077778,0.676359536,96.04211512,107.5729894,96.81344673
Hawaii,wet,0.181,11.96,56.92353636,0.526636856,167.9070352,122.3234258,110.495587
Hawaii,wet,0.181,12.72,39.47207465,0.623821625,153.1149915,130.8905949,118.3733721
Hawaii,wet,0.181,10.18,32.66726128,0.595494888,111.6604653,102.4739493,92.05386827
Hawaii,wet,0.181,19.15,58.49942515,0.664471144,213.9006042,205.1828199,183.8225812
Hawaii,wet,0.181,18.53,34.37311294,0.58934437,130.1750656,197.895436,177.6635151
Hawaii,wet,0.181,17.04,28.2753723,0.495200586,88.05609973,180.4819962,162.7003006
Hawaii,wet,0.181,11.23,33.50947965,0.660462468,128.9207416,114.1449013,102.9264187
Hawaii,wet,0.181,12.33,30.23042004,0.637580336,121.5742218,126.4877716,114.3317146
Hawaii,wet,0.181,8.16,18.09842882,0.672486839,62.53469298,80.36511278,71.29552016
Hawaii,wet,0.2827,5.97,8.451675,0.677960676,66.68671103,57.00935276,49.3200378
Hawaii,wet,0.2827,15.84,29.64689444,0.661424187,114.4890033,166.5661754,150.5046221
Hawaii,wet,0.2827,13.91,39.90389167,0.618076751,133.4559592,144.4059094,130.6817479
Hawaii,wet,0.2827,17.77,34.27076111,0.607446465,118.2915312,188.9953979,170.0583393
Hawaii,wet,0.2827,0.4,1.310525,0.69,2.924580305,2.924663309,1.766084678
Hawaii,wet,0.2827,12.45,22.608275,0.618523316,100.1485,127.8410415,115.5755569
Hawaii,wet,0.2827,21.09,44.52020556,0.48857188,137.1663395,228.1331138,202.8038628
Hawaii,wet,0.2827,24.05,67.69215833,0.657754956,236.8707996,263.5487306,230.7945081
Madagascar,wet,0.2827,3.899771,5.390625,0.47,6.2236954,13.45586866,14.89438532
Madagascar,wet,0.2827,10.765426,17.02582908,0.502266964,44.59697269,52.52141667,54.74804132
Madagascar,wet,0.2827,11.63807,21.19943169,0.550391976,69.67827156,58.30866596,60.58871643
Madagascar,wet,0.2827,16.283616,29.04910714,0.473124767,69.72577473,91.48767153,94.11710614
Madagascar,wet,0.2827,13.781181,31.33955924,0.607504622,121.9236137,73.14402849,75.56224631
Madagascar,wet,0.2827,14.782155,19.29152636,0.530506056,58.36743854,80.3559124,82.84963513
Madagascar,wet,0.2827,15.141479,32.16844246,0.640696009,104.5890806,82.98631561,85.50978415
Madagascar,wet,0.2827,21.77614,17.23081349,0.519160759,59.84256803,135.0991454,138.5929762
Madagascar,wet,0.2827,17.348755,12.51931122,0.556414743,39.64234399,99.60172881,102.3484782
Madagascar,wet,0.2827,16.681439,26.26630385,0.560032195,107.4658183,94.49767223,97.16864872
Madagascar,wet,0.2827,18.721886,49.27214286,0.618743508,161.0452567,110.314588,113.2442023
Madagascar,wet,0.2827,18.837383,37.56033163,0.576005685,119.605892,111.2282358,114.1750385
Madagascar,wet,0.2827,20.903496,43.66965986,0.598343459,147.953299,127.8885338,131.1964504
Madagascar,wet,0.2827,19.119709,44.91701105,0.652904209,179.0714805,113.4696345,116.4597135
Madagascar,wet,0.2827,21.596478,43.63760488,0.538186491,130.6078808,133.6064064,137.0602178
Madagascar,wet,0.2827,23.328933,23.59306831,0.585613359,114.9137835,148.1736314,152.0531949
Madagascar,wet,0.2827,22.199629,30.88108277,0.558469094,93.51282546,138.6343499,142.2262008
Madagascar,wet,0.2827,21.622144,32.62958617,0.616074874,137.1644433,133.8193964,137.2788685
Madagascar,wet,0.2827,24.265742,36.31600198,0.533019192,120.9593085,156.207681,160.3565184
Madagascar,wet,0.2827,24.150245,55.89693878,0.639864333,210.2139549,155.2113697,159.3254514
Madagascar,wet,0.2827,26.52435,47.17658022,0.576978539,189.4306799,176.0104147,180.9320843
Madagascar,wet,0.2827,26.575682,50.52884921,0.598416878,181.824472,176.467391,181.4087682
Madagascar,wet,0.2827,28.551964,36.42420918,0.524256539,141.5271261,194.2864675,200.0637738
Madagascar,wet,0.2827,29.373276,48.88129252,0.56577149,205.5097286,201.8182139,207.9889084
Madagascar,wet,0.2827,30.476914,65.03975057,0.567742457,310.4390876,212.0524414,218.7963899
Madagascar,wet,0.2827,36.354428,49.9531335,0.557961161,204.9099207,268.6302801,279.3649658
Madagascar,moist,0.2827,21.11819209,33.36387897,0.568249954,109.2598472,111.1919972,152.3424929
Madagascar,moist,0.2827,9.08545797,27.8765148,0.58862543,64.59017427,47.28913583,54.04980077
Madagascar,moist,0.2827,18.22832882,28.62104734,0.606817354,95.39770939,95.78354605,127.3213025
Madagascar,moist,0.2827,12.46913508,12.02582908,0.480583618,25.188299,65.18210895,79.90161702
Madagascar,moist,0.2827,9.67616096,10.78316327,0.631803584,26.23912811,50.40704154,58.42959718
Madagascar,moist,0.2827,5.14136375,24.6823852,0.626973496,49.82108442,26.55316202,26.66243864
Madagascar,moist,0.2827,18.19124145,24.3500737,0.582002727,79.11698081,95.58600628,127.004891
Madagascar,moist,0.2827,24.13458874,41.3528458,0.557582099,128.9286727,127.3058914,179.1487557
Madagascar,moist,0.2827,23.29633718,29.79894558,0.578866158,90.40215019,122.8249501,171.6351415
Madagascar,moist,0.2827,17.38674068,48.76536832,0.465800003,97.4664866,91.30233806,120.1728453
Madagascar,moist,0.2827,5.48233656,31.32245855,0.635026704,58.2088564,28.3389941,28.87941713
Madagascar,moist,0.2827,4.68746054,27.44359694,0.648828566,66.09444054,24.17839048,23.76525805
Madagascar,moist,0.2827,21.36086412,56.58826956,0.59769573,158.4654831,112.4872692,154.4745602
Madagascar,moist,0.2827,19.05669897,41.4989229,0.621148453,117.3634867,100.1971337,134.4208683
Madagascar,moist,0.2827,10.58640565,42.75334503,0.619207264,86.47413563,55.21662418,65.29515736
Madagascar,moist,0.2827,7.14921493,8.5075,0.484975022,13.30710109,37.08954455,40.16146544
Madagascar,moist,0.2827,6.87689867,6.376951531,0.582002888,12.16753545,35.65787494,38.27183164
Madagascar,moist,0.2827,6.72713756,11.51785714,0.553849391,19.74287009,34.87085211,37.23994518
Madagascar,moist,0.2827,6.46239277,7.121,0.487838295,9.505864484,33.48015705,35.42888254
Madagascar,dry,0.1257,5.252600194,20.468125,0.339959083,20.45884118,20.79778547,28.93486993
Madagascar,dry,0.1257,3.440067274,8.613125,0.358846963,8.438659022,13.3060497,15.717776
Madagascar,dry,0.1257,3.740320975,7.776875,0.351488387,6.958470161,14.53449661,17.69372738
Madagascar,dry,0.1257,4.091727014,8.91,0.337415123,7.918128597,15.97914365,20.11437978
Madagascar,dry,0.1257,3.592561813,13.74625,0.319471674,11.95730012,13.92925046,16.71066774
Madagascar,dry,0.1257,2.196126085,6.57875,0.242102413,4.531208712,8.28638714,8.455293644
Madagascar,dry,0.1257,2.989346648,8.26875,0.329630763,8.154281201,11.47326516,12.91266741
Madagascar,dry,0.1257,0.860287783,3.3225,0.268167795,2.564061844,3.082142606,2.449420079
Madagascar,dry,0.1257,1.446499223,11.6175,0.306113622,8.778565507,5.333374206,4.834027135
Madagascar,dry,0.1257,2.86427623,5.83375,0.34852582,5.956454706,10.96729715,12.16887009
Madagascar,dry,0.1257,2.70617367,3.14125,0.357914843,3.096931379,10.32945143,11.25036268
Madagascar,dry,0.1257,2.05643888,8.519375,0.296799208,6.759968295,7.731184448,7.735506994
Madagascar,dry,0.1257,4.441978083,17.609375,0.316984561,16.30917189,17.42589212,22.64255105
Madagascar,dry,0.1257,3.914593115,25.301875,0.261753576,20.91781919,15.25004162,18.87966552
Madagascar,dry,0.1257,3.528974298,5.50875,0.317878375,5.126678597,13.6692054,16.29396944
Madagascar,dry,0.1257,2.428223723,16.928125,0.295833118,12.3029743,9.213157889,9.695051691
Madagascar,dry,0.1257,3.08051228,13.67,0.308621525,11.36032095,11.84281355,13.46434526
Madagascar,dry,0.1257,1.727567589,3.129375,0.308639904,2.389181513,6.432529397,6.121143028
Madagascar,dry,0.1257,3.82059139,28.859375,0.328157878,26.07957894,14.86385552,18.23641866
Madagascar,dry,0.1257,4.521748011,25.514375,0.302346961,20.42152094,17.75629139,23.23443
Madagascar,dry,0.1257,3.58484918,24.975,0.327488488,22.35774058,13.89769552,16.65992166
Madagascar,dry,0.1257,3.008891307,22.368125,0.329236916,18.35516181,11.55243944,13.03026546
Madagascar,dry,0.1257,6.909776816,20.309375,0.390694876,24.16916828,27.77728738,43.72375203
Madagascar,dry,0.1257,3.327906854,17.719375,0.372390039,18.33615231,12.84865284,15.00159513
Madagascar,dry,0.1257,5.777765053,27.25625,0.324358175,26.38559626,22.99801455,33.34059142
Madagascar,dry,0.1257,3.405636335,14.441875,0.315635954,12.06347991,13.16554931,15.49665033
Madagascar,dry,0.1257,2.634681027,19.915625,0.325067629,16.34523234,10.0416917,10.84303967
Madagascar,dry,0.1257,3.377840057,20.1225,0.259818766,14.33072017,13.05217985,15.31895671
Madagascar,dry,0.1257,3.856215798,20.7975,0.284053372,17.17449941,15.01014971,18.47921423
Madagascar,dry,0.1257,3.715193961,15.059375,0.296593484,11.71514972,14.43147742,17.52509849
Madagascar,dry,0.1257,5.618469024,21.7275,0.319504085,20.13465301,22.32941143,31.97680661
Madagascar,dry,0.1257,3.39350915,30.21625,0.263627394,21.56443937,13.11608125,15.41903435
Madagascar,dry,0.1257,2.810775453,24.088125,0.301534989,19.05914937,10.75123128,11.85532893
Madagascar,dry,0.1257,3.832346418,18.998125,0.347515544,17.69736628,14.91212008,18.31640198
Madagascar,dry,0.1257,2.486408545,2.6,0.300028846,2.023934883,9.446279149,10.01430993
Madagascar,dry,0.1257,3.157330618,6.01375,0.442473498,6.940151874,12.15467431,13.93540416
Panama,dry,0.1,4.851336,6.249489146,0.5488278,12.87638891,9.805816105,12.39174445
Panama,dry,0.1,6.136441,6.467603077,0.582153193,13.34599779,13.90320756,17.92396323
Panama,dry,0.1,4.205494,3.971737569,0.50660825,7.80258665,7.93048426,9.777490618
Panama,dry,0.1,4.073544,3.171797994,0.553405348,6.064193142,7.563620198,9.258697129
Panama,dry,0.1,2.628381,1.236780049,0.545261846,2.415598648,3.94466404,3.976579211
Panama,dry,0.1,3.666505,2.341196334,0.548940355,4.460344432,6.468443721,7.693709197
Panama,dry,0.1,2.209201,1.544830338,0.517436882,2.681211549,3.047218335,2.608339701
Panama,dry,0.1,1.80624,0.420480555,0.512651037,0.71467751,2.259216581,1.381225713
Panama,dry,0.1,2.372072,1.656404516,0.532469636,3.141631942,3.386905934,3.129602735
Panama,dry,0.1,2.433677,1.405335126,0.502596618,2.437324812,3.518417439,3.330278118
Panama,dry,0.1,5.123891,5.941391733,0.521686792,11.64451916,10.63540172,13.53009344
Panama,dry,0.1,7.374284,9.122481031,0.515269185,18.41903629,18.267743,23.61136678
Panama,dry,0.1,3.62329,3.113316977,0.513141671,5.883293509,6.35549326,7.530827497
Panama,dry,0.1,8.660432,12.28863199,0.505206341,25.12125826,23.19644221,29.84359295
Panama,dry,0.1,3.421947,5.34608074,0.546139871,10.0832897,5.837914052,6.780644039
Panama,dry,0.1,6.998675,8.212176797,0.518171403,16.19189738,16.90253204,21.85154197
Panama,dry,0.1,4.366135,3.173541586,0.531058603,5.63438479,8.384716155,10.41631744
Panama,dry,0.1,7.447602,5.190940325,0.530625983,10.24447086,18.53824778,23.95818171
Panama,dry,0.1,5.533264,6.167501054,0.577530996,12.44607106,11.92206185,15.27627634
Panama,dry,0.1,6.419327,9.289630239,0.509956875,18.56418304,14.86606478,19.19469136
Panama,dry,0.1,3.871083,3.966381129,0.541148791,8.178239309,7.011883964,8.473434471
Panama,dry,0.1,16.849004,24.32793817,0.583565859,62.29285208,62.35372453,75.48595433
Panama,dry,0.1,5.088586,8.784255605,0.542759573,17.73364135,10.52670523,13.38152181
Panama,dry,0.1,7.325399,6.685921212,0.515224824,14.24691482,18.08810691,23.38071943
Panama,dry,0.1,3.715653,1.614401228,0.524713919,3.108477085,6.597689216,7.879736659
Panama,dry,0.1,3.192997,3.048984717,0.507965567,5.249464921,5.267121099,5.945690773
Panama,dry,0.1,4.849456,5.755039451,0.501169209,10.22629036,9.800170728,12.38396218
Panama,dry,0.1,5.348863,8.883923092,0.441819198,16.9662948,11.33654873,14.48443893
Panama,dry,0.1,6.241774,7.058445133,0.519019211,12.48745425,14.25926339,18.39502247
Panama,dry,0.1,6.004593,7.632526716,0.5187817,14.88775547,13.46169332,17.33789508
Panama,dry,0.1,9.29924,9.560138323,0.42222043,18.98952112,25.78360391,33.04984652
Panama,dry,0.1,5.050583,8.580043286,0.493701715,17.0472286,10.41011094,13.22196407
Panama,dry,0.1,3.903435,3.610923988,0.542062222,6.727883406,7.099128125,8.598021352
Panama,moist,0.36,23.07767778,22.27544744,0.484513769,65.48904719,97.46489888,94.5263395
Panama,moist,0.36,25.05224444,27.28537143,0.501541353,92.06597894,110.7460646,104.1490729
Panama,moist,0.36,27.10193333,29.99876937,0.461275078,104.7776525,125.1621154,114.1809935
Panama,moist,0.36,19.43676667,21.47736074,0.469401641,59.1792056,74.61341762,76.95578977
Panama,moist,0.36,20.86226667,25.71553067,0.517294248,87.44720041,83.30015801,83.80214318
Panama,moist,0.36,18.03282222,21.48664152,0.506076759,62.65905671,66.39748138,70.26515991
Panama,moist,0.36,17.62646667,19.48439981,0.573292605,66.05564833,64.08393794,68.33973504
Panama,moist,0.36,23.02928889,24.45488589,0.506092844,81.27247043,97.14708662,94.29119277
Panama,moist,0.36,26.73295556,31.01702281,0.55560935,125.1715092,122.5206515,112.3726849
Panama,moist,0.36,22.45243333,23.26894339,0.51344333,77.42338721,93.38705006,91.49081638
Panama,moist,0.36,25.18697778,24.92995361,0.561736887,99.23903035,111.6742341,104.807366
Panama,moist,0.36,27.11591111,25.80134851,0.555122723,106.0379711,125.2625759,114.2495135
Panama,moist,0.36,17.35044444,24.7890859,0.465027576,73.58190646,62.52922279,67.03496367
Panama,moist,0.36,16.70142222,19.13206364,0.496368346,55.86670329,58.92768233,63.97743244
Panama,moist,0.36,22.92227778,29.46866269,0.484009503,100.4495297,96.44556914,93.77129884
Panama,moist,0.36,23.03974444,25.88506323,0.532122256,89.18110589,97.21572596,94.34199866
Panama,moist,0.36,25.70521111,24.40402046,0.495304781,79.79084819,115.2700236,107.3410688
Panama,moist,0.36,27.9899,35.26372304,0.46689741,123.3802105,131.6010027,118.5359826
Panama,moist,0.36,20.21427778,21.58933233,0.56305848,79.90481318,79.30908321,80.68400552
Panama,moist,0.36,22.65494444,30.50531409,0.511051492,116.9047637,94.70100517,92.4733012
Panama,moist,0.36,25.20875556,27.35052457,0.571362734,112.5491879,111.8245196,104.9137874
Panama,moist,0.36,27.73285556,29.56040593,0.538051891,120.3434134,129.7252461,117.274911
Panama,moist,0.36,26.76002222,25.23063457,0.596586829,109.4058076,122.7137333,112.5053046
Panama,moist,0.36,27.0944,25.23782751,0.501087214,88.66297459,125.1079842,114.1440651
Panama,moist,0.36,27.0802,29.06822308,0.477752161,100.0809364,125.0059718,114.0744576
Panama,moist,0.36,25.06337778,27.75755499,0.518187175,101.4309836,110.8226565,104.2034621
Panama,moist,0.36,23.14726667,25.4279484,0.520162414,94.93972029,97.92260003,94.86457072
Panama,moist,0.36,21.7712,29.48429648,0.50861174,114.7431342,89.01539892,88.19104487
Panama,moist,0.36,28.58865556,29.31252772,0.487210553,104.6679449,136.0075335,121.4745545
Panama,moist,0.36,23.56103333,24.62224552,0.569912551,93.32509939,100.6598109,96.87713131
Panama,moist,0.36,20.55581111,22.84985493,0.555161735,80.32431723,81.40392003,82.32628997
Panama,moist,0.36,21.01276667,25.91848192,0.501929021,85.48079801,84.23709906,84.52768098
Panama,moist,0.36,28.14781111,44.90816378,0.434230181,159.3318909,132.7581078,119.3108451
Panama,moist,0.36,22.48455556,28.11318982,0.499602611,97.11493649,93.59503112,91.64661189
Panama,moist,0.36,24.60217778,28.0538159,0.542552592,110.2994909,107.6657133,101.9515016
Panama,moist,0.36,23.56747778,25.15363501,0.560286369,96.37717138,100.7026561,96.90849659
Panama,moist,0.36,19.98475556,25.72594374,0.563369444,99.24848449,77.91227701,79.58187505
Panama,moist,0.36,21.70612222,22.18212469,0.523318485,78.05660345,88.60170755,87.87626402
Panama,moist,0.36,21.19456667,27.33495841,0.554749546,106.6586767,85.37388398,85.40474849
Panama,moist,0.36,22.02702222,26.15799345,0.517861922,90.48635344,90.64829017,89.4292228
Panama,moist,0.36,18.99737778,20.6184493,0.493584498,61.50209093,72.00536258,74.85580945
Panama,moist,0.36,23.49314444,30.96833904,0.496898115,105.8976875,100.2088546,96.54675013
Panama,moist,0.36,20.467,22.89239297,0.550849281,86.09828671,80.85730967,81.89897803
Panama,moist,0.36,21.99898889,25.98944046,0.502359087,93.34798788,90.46883871,89.29348286
Panama,moist,0.36,24.95191111,26.29651151,0.525103696,103.1322419,110.0566746,103.6589776
Panama,moist,0.36,20.15833333,23.73661746,0.521631806,81.53015069,78.96780429,80.41525256
Panama,moist,0.36,19.38886667,19.85990739,0.543692421,67.60635599,74.32749215,76.7266088
Panama,moist,0.36,18.67228889,26.17558201,0.547743792,100.3847578,70.09718375,73.30554469
Panama,moist,0.36,25.22187778,27.97592622,0.486563382,97.37717159,111.9151091,104.9779141
Panama,moist,0.36,25.93212222,35.85951518,0.494668965,138.3070226,116.8572406,108.4512419
Panama,moist,0.36,24.00751111,31.83384127,0.497061708,118.9672506,103.643541,99.05149096
Panama,moist,0.36,22.71438889,21.83371988,0.600880407,93.40820389,95.08794343,92.76182537
Panama,moist,0.36,22.59531111,27.10554143,0.486109009,102.3099741,94.31340428,92.18391854
Panama,moist,0.36,22.14426667,24.75691949,0.591563525,105.8570978,91.40019005,89.99708491
Panama,moist,0.36,20.78087778,34.97011067,0.494856361,138.0889236,82.79503162,83.40998266
Panama,moist,0.36,22.10084444,24.16244943,0.492038873,77.45586006,91.12146037,89.78674476
Panama,moist,0.36,27.74112222,38.80832531,0.462409919,143.1799625,129.7854214,117.3154628
Panama,moist,0.36,25.06061111,25.31808429,0.490180967,83.34286645,110.8036214,104.1899461
Panama,moist,0.36,27.68407778,29.33134892,0.533339631,112.1435885,129.3703823,117.0356399
Panama,moist,0.36,25.51645556,31.03374089,0.467850451,112.8019842,113.9556204,106.4179252
Panama,moist,0.36,22.84125556,20.08364551,0.53564408,69.87732089,95.91563291,93.37778658
Panama,moist,0.36,25.12446667,24.68254882,0.545507049,94.54956204,111.2432548,104.50192
Panama,moist,0.36,23.60143333,28.26884264,0.517010578,101.2456997,100.9285137,97.07376862
Panama,moist,0.36,23.2346,30.78965223,0.541512937,120.3103301,98.49809363,95.28915077
Panama,moist,0.36,33.70957778,37.80311384,0.50586913,153.5646155,175.7571093,146.6157138
Panama,moist,0.36,28.3478,34.59100988,0.470637107,125.5906067,134.2287283,120.2923239
Panama,moist,0.36,19.59832222,20.26176291,0.517460322,63.9327336,75.58066641,77.72920584
Panama,moist,0.36,24.30538889,27.82471744,0.554680097,112.0549256,105.6514695,100.5036117
Panama,moist,0.36,31.57797778,34.2700831,0.576311925,162.3978362,158.7703711,136.1550938
Panama,moist,0.36,25.09002222,26.44097677,0.528807828,102.7949891,111.006034,104.3336323
Panama,moist,0.36,31.23284444,30.6728657,0.527084646,121.3072771,156.0783999,134.4601843
Panama,moist,0.36,25.91027778,31.19469079,0.517537385,122.0665844,116.7041041,108.3443476
Panama,moist,0.36,33.26633333,41.57028049,0.423243821,142.9094248,172.1742364,144.4419676
Panama,moist,0.36,33.63118889,49.12457819,0.419619445,169.0366288,175.1215511,146.2313504
Panama,moist,0.36,26.05407778,30.16382734,0.502846536,105.6746291,117.7135061,109.0480975
Panama,moist,0.36,26.03885556,31.56895919,0.502740937,117.781068,117.606507,108.9735926
Panama,moist,0.36,24.30816667,26.17906394,0.590268271,112.3578939,105.6702586,100.5171582
Panama,moist,0.36,29.54855556,39.06152895,0.478273286,151.5295684,143.1794133,126.1877747
Panama,moist,0.36,23.11757778,23.11799205,0.518439673,80.47156535,97.72723607,94.72026125
Panama,moist,0.36,18.96311111,24.61988496,0.594604709,95.90806315,71.80336444,74.69225983
Panama,moist,0.36,28.25466667,39.51930482,0.40399959,122.0640829,133.5431511,119.8352376
Panama,moist,0.36,22.68462222,30.91820009,0.522528585,119.3065408,94.89411452,92.61734035
Panama,moist,0.36,26.10016667,41.36357679,0.457329331,148.1328825,118.0376834,109.2736906
Panama,moist,0.36,30.88234444,39.70970933,0.481165483,151.1379641,153.3614472,132.7387553
Panama,moist,0.36,21.97965556,27.30967296,0.56807933,108.3391565,90.34515315,89.19987746
Panama,moist,0.36,20.64602222,28.48160483,0.562881764,112.4453567,81.96049305,82.76052001
Panama,moist,0.36,16.22178444,22.52749044,0.509484616,73.02286743,56.315491,61.72782447
Panama,moist,0.36,18.74398889,30.48496792,0.567023344,108.7065106,70.51646698,73.64720442
Panama,moist,0.36,32.59901111,37.95643229,0.481920623,151.473392,166.8300103,141.1677005
Panama,moist,0.36,25.40177778,29.08877651,0.58447739,127.2831412,113.1596929,105.8572353
Panama,moist,0.36,25.13061111,27.89974478,0.559188913,111.025882,111.2855909,104.5319416
Panama,moist,0.36,21.15246667,25.21395795,0.530770256,87.67303536,85.11015078,85.20158204
Panama,moist,0.36,22.88546667,29.15483722,0.575987281,114.1708186,96.20467201,93.59250017
Panama,moist,0.36,16.47532667,20.66294647,0.538181144,68.35272492,57.69105412,62.91590224
Panama,moist,0.36,21.34193333,31.27338768,0.572149364,117.8015635,86.29934854,86.11619724
Panama,moist,0.36,18.14906667,26.36148139,0.488361383,79.694518,67.06468628,70.81692498
Panama,moist,0.36,25.00536667,24.72660748,0.521725755,82.07918641,110.4237761,103.9200772
Panama,moist,0.36,25.5669,32.12175296,0.486845465,117.9785002,114.3063637,106.6646008
Panama,moist,0.36,22.29384444,30.08498863,0.51678768,111.818752,92.36266414,90.72190523
Panama,moist,0.36,25.05835556,33.92999043,0.550044958,136.4872309,110.7881037,104.1789271
Panama,moist,0.36,27.38245556,38.94642231,0.492379483,149.9946688,127.1837757,115.556351
Panama,moist,0.36,21.18808889,25.73128663,0.528023967,90.98625396,85.3332853,85.3734856
Panama,moist,0.36,29.21492222,45.02867004,0.524698323,189.8934013,140.6717559,124.5493634
Panama,moist,0.36,20.11286667,28.03203637,0.592757807,115.1112578,78.69083083,80.19688902
Panama,moist,0.36,18.7021,31.16978276,0.495525045,117.5418806,70.27140296,73.44758043
Panama,moist,0.36,22.52178889,30.22450589,0.501551087,104.2698142,93.83631172,91.82721844
Panama,moist,0.36,27.40076667,34.3147548,0.521196213,139.3465361,127.3161418,115.6461431
Panama,moist,0.36,19.87661111,20.44662164,0.54426407,68.1513894,77.25722003,79.06302499
Panama,moist,0.36,26.99384444,29.91174289,0.538812543,118.4966016,124.3862369,113.651175
Panama,moist,0.36,24.84158889,26.44912528,0.578428731,113.2765499,109.3004284,103.1202141
Panama,moist,0.36,22.19626667,22.80559993,0.570081953,82.55904938,91.73438099,90.24902052
Panama,moist,0.36,29.66012222,39.21373475,0.497437183,153.0740344,144.0214991,126.7356974
Panama,moist,0.36,30.92055556,30.12862186,0.512015268,115.357426,153.6568177,132.9264295
Panama,moist,0.36,21.95654444,22.97296828,0.486333242,76.61015421,90.19737843,89.08799026
Panama,moist,0.36,26.38157778,27.63146804,0.533140584,105.7947891,120.0239551,110.6514915
Panama,moist,0.36,30.13761111,27.58065278,0.501284204,97.67557498,147.6453869,129.0808747
Panama,moist,0.36,29.87483333,40.7851594,0.475251553,161.1508097,145.6470604,127.7902222
Panama,moist,0.36,28.6043,31.7703091,0.485954127,117.8203087,136.1233625,121.5513513
Panama,moist,0.36,30.3369,40.5660115,0.45789629,147.589477,149.167382,130.0597192
Panama,moist,0.36,32.69425556,35.10750735,0.568923237,165.3723831,167.5890842,141.6351292
Panama,moist,0.36,24.95145556,24.1360077,0.585450784,95.60248939,110.0535481,103.6567526
Panama,moist,0.36,24.74832222,30.91020212,0.499428355,116.3556786,108.6625508,102.6648459
Panama,moist,0.36,22.15264778,33.46956166,0.479987335,124.9463048,91.45402387,90.03768743
Panama,moist,0.36,21.38338889,22.39706417,0.509162633,74.1536131,86.56033209,86.31641334
Panama,moist,0.36,29.54455556,34.23142406,0.49232214,133.6862085,143.1492548,126.1681303
Panama,moist,0.36,24.28586667,28.2247949,0.484062041,91.9447638,105.5194533,100.4084092
Panama,moist,0.36,24.81856667,30.66470629,0.521378715,113.6079102,109.1428488,103.0078008
Panama,moist,0.36,18.54803111,22.50020658,0.531550399,78.98816229,69.37267482,72.71379423
Panama,moist,0.5,4.143797,0.380759994,0.544662199,0.895858261,6.735342586,10.21812003
Panama,moist,0.5,3.860511,0.465773182,0.484519997,1.297133808,6.0326146,9.224789679
Panama,moist,0.5,1.680638,0.264154906,0.444111933,0.70565739,1.653894513,2.357468637
Panama,moist,0.5,1.860785,0.647957537,0.620081533,2.293332507,1.937846002,2.857135955
Panama,moist,0.1,3.005762,0.185888895,0.507042731,0.319161905,4.086756086,6.348348561
Panama,moist,0.1,13.19658,13.20642895,0.51233495,28.74284331,40.8458839,47.76986555
Panama,moist,0.1,4.70547,5.005687606,0.543789315,10.47437188,8.208436474,12.23855657
Panama,moist,0.1,11.295876,14.62780984,0.51542076,32.97805741,32.06643725,39.25332911
Panama,moist,0.1,9.253935,14.66082813,0.516676335,32.47464335,23.51296303,30.3912214
Panama,moist,0.1,10.084879,8.905113232,0.565978683,19.98434554,26.87922203,33.9568321
Panama,moist,0.1,5.926863,5.08206793,0.584978697,9.597954756,11.7546637,16.83373377
Panama,moist,0.1,5.928634,3.184042408,0.596727252,5.37887832,11.76012961,16.84057452
Panama,moist,0.1,5.000157,7.094966317,0.597476009,16.38194991,9.022146926,13.32344985
Panama,moist,0.1,17.926356,17.87518705,0.484575561,42.93283684,65.78849463,69.76018074
Panama,moist,0.1,10.363302,15.67615629,0.531436503,29.7555939,28.04276031,35.1645483
Panama,moist,0.1,11.240978,10.46959432,0.512453406,18.32809811,31.8242664,39.0108639
Panama,moist,0.1,10.063974,12.85196142,0.506987051,23.24962001,26.79257216,33.8664065
Panama,moist,0.1,13.757144,12.48875236,0.529050568,28.23842219,43.57738766,50.32249731
Panama,moist,0.1,9.907419,15.88120113,0.54489118,32.15418471,26.1468476,33.19037045
Panama,moist,0.1,14.490133,16.87231536,0.531693983,46.76651053,47.24336364,53.68502968
Panama,moist,0.1,4.702396,3.664873236,0.575906145,6.937343395,8.200093813,12.22732611
Panama,moist,0.1,12.951138,11.04157888,0.550360283,35.21965697,39.66990321,46.65768097
Panama,moist,0.1,8.543951,8.785959927,0.630476005,33.14259231,20.76647876,27.39453
Panama,moist,0.1,5.989651,4.123186595,0.523214268,6.005296939,11.94900246,17.07655188
Panama,moist,0.1,5.222584,2.647345951,0.523952973,3.596381238,9.654325519,14.15280309
Panama,moist,0.1,14.865671,16.65702102,0.500454777,36.68490534,49.16225673,55.41795013
Panama,moist,0.1,11.467216,13.142403,0.525790677,27.57082802,32.82647525,40.01143805
Panama,moist,0.1,12.92904,18.97482023,0.517920105,42.38885451,39.56462894,46.55771632
Panama,moist,0.1,9.413781,11.68834351,0.572256687,26.35517258,24.14797258,31.07242453
Panama,moist,0.1,14.342707,13.86388879,0.479623813,27.45795712,46.49754603,53.00657204
Panama,moist,0.1,7.333926,7.220779829,0.566794737,13.22499568,16.37429035,22.40754263
Panama,moist,0.1,17.885646,16.5619874,0.525993273,48.23032652,65.5561638,69.56718463
Panama,moist,0.1,14.289175,13.6309072,0.595093372,38.76954454,46.22778239,52.76047919
Panama,moist,0.1,15.97914,17.283591,0.537376813,40.24315359,55.01019832,60.59317293
Panama,moist,0.1,9.254738,17.88528731,0.492497183,45.33071674,23.51613793,30.39463767
Panama,moist,0.1,14.474298,24.66340684,0.489591655,67.81479431,47.16305233,53.61210618
Panama,moist,0.1,10.452316,11.95930516,0.512460819,23.73334076,28.41845726,35.55197083
Panama,moist,0.1,9.08644,9.797942276,0.443742904,16.4128154,22.85408039,29.67993205
Panama,moist,0.1,10.604185,15.50971394,0.481434479,39.9713976,29.06355628,36.21439125
Panama,moist,0.1,9.318682,7.656874171,0.576702435,15.36255907,23.76945034,30.66686953
Panama,moist,0.1,6.968847,7.319897534,0.635149673,18.35340963,15.12363761,20.93615343
Panama,moist,0.1,9.996677,10.64331734,0.549263726,21.82313887,26.5143102,33.57555484
Panama,moist,0.1,8.769155,7.709990894,0.560934658,14.01164391,21.6244272,28.33979164
Panama,moist,0.1,11.472455,11.37599511,0.536369502,24.18030945,32.84981477,40.03465063
Panama,moist,0.1,8.538664,12.57763628,0.580468889,27.81391195,20.74648655,27.37239943
Panama,moist,0.1,10.121421,9.116456999,0.527782421,17.23086114,27.03092622,34.11498243
Panama,moist,0.1,7.38967,7.226796007,0.559224998,14.19564128,16.56836197,22.63364496
Panama,moist,0.1,17.659967,19.91413721,0.586226258,65.38771819,64.27355812,68.49826602
Panama,moist,0.1,16.002236,21.75087783,0.597771406,79.27554089,55.13397055,60.70107293
Panama,moist,0.1,18.016529,24.41557527,0.539587919,67.89591054,66.30415425,70.18785644
Panama,moist,0.1,13.585129,19.5451476,0.479296106,43.46990002,42.73248588,49.53738941
Panama,moist,0.1,9.252658,10.20218072,0.57333914,35.17819508,23.50791436,30.38578866
Panama,moist,0.1,5.794403,4.728016658,0.465714125,8.335646521,11.3484297,16.32344847
Panama,moist,0.1,16.620888,23.30496805,0.54534292,60.6329581,58.48612661,63.59910045
Panama,moist,0.1,14.731381,19.30594563,0.523875687,46.21888309,48.47293881,54.79750747
Panama,moist,0.1,10.83143,7.99283764,0.556601294,22.96096197,30.03845549,37.20888613
Panama,moist,0.1,6.52245,2.723694859,0.567544576,9.935685447,13.64330848,19.16023385
Panama,moist,0.1,13.358032,14.59263169,0.561261427,35.96017366,41.62611738,48.50331041
Panama,moist,0.1,9.117065,12.0440186,0.581902758,26.38652974,22.97405099,29.80979058
Panama,moist,0.1,11.255788,15.41184503,0.523170745,35.00673332,31.88953294,39.07625346
Panama,moist,0.1,10.292059,13.9764133,0.567252567,31.83411888,27.7433579,34.85492384
Panama,moist,0.1,12.387496,9.379652992,0.519150496,24.1875283,37.01617133,44.11695791
Panama,moist,0.1,5.536261,5.645350238,0.616126961,16.00746642,10.57154122,15.33689696
Panama,moist,0.1,10.928582,11.18297477,0.530430519,18.10532018,30.45874249,37.63523701
Panama,moist,0.1,6.391369,6.571692376,0.607085027,21.20403768,13.21905033,18.64385076
Panama,moist,0.1,26.184629,33.40899712,0.472208569,115.9086409,118.6325957,109.6871563
Panama,moist,0.1,16.069446,36.55795563,0.506586233,106.638396,55.49471628,61.0151869
Panama,moist,0.1,15.788302,21.57087159,0.503169226,56.28716182,53.99130234,59.70244473
Panama,moist,0.1,10.638321,17.90957194,0.55922919,48.44157329,29.20926804,36.36353046
Panama,moist,0.1,15.490127,14.73664296,0.494820042,28.55427212,52.41300439,58.31374974
Panama,moist,0.1,10.1188,13.59653802,0.556560634,28.47393266,27.02003497,34.10363535
Panama,moist,0.1,27.23,27.74863,0.508577037,86.19244786,126.0836268,114.8088283
Panama,moist,0.1,15.073213,17.76902429,0.558237346,49.01522844,50.2344041,56.37845891
Panama,moist,0.1,12.978272,17.10375756,0.55860757,36.30319773,39.79930552,46.78046551
Panama,moist,0.1,13.00745,17.18843958,0.543399104,36.13916672,39.93862364,46.91254669
Panama,moist,0.1,12.73779,14.87714349,0.545707334,31.25112891,38.65770525,45.69374864
Panama,moist,0.1,10.142744,12.85917141,0.560264244,29.39408917,27.11958957,34.20731681
Panama,moist,0.1,6.802586,7.903647413,0.563313004,13.62523486,14.56592905,20.27164135
Panama,moist,0.1,7.439921,7.881365564,0.552015402,14.11521379,16.74400904,22.83778535
Panama,moist,0.1,19.954636,25.74568265,0.509978573,70.92322084,77.72963705,79.43734008
Panama,moist,0.1,12.888708,24.14867807,0.527601499,61.88935115,39.37274626,46.37533955
Panama,moist,0.1,2.407669,0.347210422,0.422898781,0.403002417,2.893620816,4.463686822
Panama,moist,0.1,25.019437,32.82475243,0.534271168,141.1821129,110.5204755,103.9888076
Panama,moist,0.1,22.915602,30.80238996,0.552305091,111.7703355,96.40186591,93.7388717
Panama,moist,0.1,4.034536,0.791088096,0.576665293,1.243814309,6.461033292,9.832849372
Panama,moist,0.1,3.759742,0.815286325,0.546467792,1.207194337,5.789374968,8.875928931
Panama,moist,0.1,6.676974,2.737769259,0.53172987,4.004720417,14.14956235,19.77199079
Panama,moist,0.1,7.067621,7.550114506,0.535052032,13.64102103,15.45849865,21.33260855
Panama,moist,0.1,29.397425,41.13416983,0.4708563,142.0807321,142.0415232,125.4455765
Panama,moist,0.1,17.616775,27.67097732,0.543075664,75.16869833,64.02911803,68.29387882
Panama,moist,0.1,26.004025,38.04534168,0.527402469,142.2497421,117.3618089,108.8031221
Panama,moist,0.1,19.348148,29.36754728,0.52255257,92.41446656,74.08474223,76.53183508
Panama,moist,0.1,5.994919,6.661785815,0.482418978,12.3385808,11.96535948,17.09695169
Panama,moist,0.1,8.08194,11.08775265,0.496544651,17.1885286,19.0456179,25.47150536
Panama,moist,0.1,9.008743,14.16379446,0.514154962,27.59309753,22.55071823,29.35087003
Panama,moist,0.1,11.230553,13.65915025,0.519049743,27.42169923,31.77835288,38.96484446
Panama,moist,0.1,4.966714,2.78869471,0.451169936,3.733152435,8.928424282,13.19951862
Panama,moist,0.1,4.001922,2.551495517,0.587629065,4.95810503,6.379945344,9.718365007
Panama,moist,0.1,1.902637,0.691153573,0.546407343,1.050398697,2.00608927,2.975490366
Panama,moist,0.1,2.501616,0.925729525,0.562110362,1.338620094,3.071207105,4.751638733
Panama,wet,0.48,26.10003642,32.7240759,0.550075228,112.2143645,113.5891237,132.9399197
Panama,wet,0.48,23.70121058,30.62897067,0.55719115,99.05778371,100.6817758,116.534402
Panama,wet,0.48,21.7069855,33.44309647,0.546926058,107.565418,90.19732537,103.4330363
Panama,wet,0.4,21.8846301,33.5781002,0.483088335,88.8307873,91.1218033,104.5800632
Panama,wet,0.4,17.8522604,24.41578659,0.496437876,60.44647023,70.62592534,79.52999145
Panama,wet,0.4,22.6562032,31.86414542,0.510270565,94.14510481,95.15888231,109.607634
Panama,wet,0.4,19.0009031,24.95721652,0.53332778,75.1187936,76.35654321,86.45304101
Panama,wet,0.4,18.9822787,25.19460508,0.554348023,78.18433247,76.26291513,86.33942031
Panama,wet,0.4,19.2618263,26.54962701,0.582044947,90.20125914,77.67066503,88.04954958
Panama,wet,0.4,23.0589918,26.0279361,0.544850842,76.65624197,97.28021503,112.2615422
Panama,wet,0.4,24.7904278,35.32209645,0.550520351,119.1929705,106.50376,123.8968357
Panama,wet,0.4,21.5461941,27.538997,0.568412088,87.65439614,89.36218917,102.3982316
Panama,wet,0.4,23.3670259,29.54906652,0.549238024,94.43673903,98.90881235,114.3046444
Peru,moist,0.2827,21.718225,24.18589012,0.652101581,100.7011425,100.0163819,108.5277929
Peru,moist,0.2827,21.930323,28.24667641,0.665986611,116.4570586,101.9136862,110.1346375
Peru,moist,0.2827,27.547732,28.15595328,0.628469289,147.2900905,158.3956022,156.138017
Peru,moist,0.2827,23.624935,34.14675346,0.474236101,99.53010667,117.6898479,123.3123323
Peru,moist,0.2827,18.669982,16.78515854,0.483456683,47.63326654,74.65655794,86.47791526
Peru,moist,0.2827,23.525364,23.83992391,0.566703296,79.19656645,116.7325999,122.5213532
Peru,moist,0.2827,18.531609,23.07690669,0.601132918,78.99907619,73.59033369,85.52330539
Peru,moist,0.2827,19.483538,17.6077297,0.521609456,47.39422056,81.07497224,92.17192783
Peru,moist,0.2827,28.156981,30.84902545,0.593361909,132.3709693,165.2392773,161.5282743
Peru,moist,0.2827,22.966712,28.0193953,0.604700586,108.278297,111.4319163,118.1221566
Peru,moist,0.2827,15.497939,20.36304207,0.582261856,55.94387985,52.0827029,65.61005915
Peru,moist,0.2827,22.832895,25.91905165,0.634980514,118.9032843,110.179878,117.0781323
Peru,moist,0.2827,20.530194,24.56667575,0.634104542,96.26823834,89.70765929,99.70194536
Peru,moist,0.2827,27.467069,35.32036849,0.606741633,156.0630896,157.4999979,155.4302676
Peru,moist,0.2827,21.249484,24.12776793,0.56471541,79.21017126,95.88440071,105.0101368
Peru,moist,0.2827,20.667311,26.55030379,0.646055762,104.6722381,90.86979845,100.705457
Peru,moist,0.2827,12.723594,28.14992248,0.640425918,64.15300466,35.5671249,49.11610036
Peru,moist,0.2827,21.984405,27.24247052,0.659290324,108.1626818,102.4002262,110.5458717
Peru,moist,0.2827,16.109147,25.632887,0.647742211,82.38743947,56.12756189,69.46534402
Peru,moist,0.2827,18.867289,19.8733675,0.584421259,61.65366696,76.18969854,87.84606728
Peru,moist,0.2827,15.32661,23.26524876,0.678662254,79.52356456,50.97510681,64.54364064
Peru,moist,0.2827,27.059798,40.85291637,0.641991937,195.7021799,153.0155114,151.8778801
Peru,moist,0.2827,5.03106,4.706891667,0.440629119,6.397432676,5.914017122,12.52136694
Peru,moist,0.2827,8.470677,9.643143361,0.498827361,14.18595947,16.19527441,27.12861073
Peru,moist,0.2827,9.071713,11.10947222,0.506501613,19.73554545,18.49078937,29.98450478
Peru,moist,0.2827,7.284302,6.508725,0.591228047,11.23121041,12.09694387,21.74711589
Peru,moist,0.2827,8.102163,9.710605556,0.440853108,16.45756309,14.8605762,25.42022188
Peru,moist,0.2827,7.567452,8.305286222,0.662834884,16.21753159,13.02267832,23.00007142
Peru,moist,0.2827,4.668724,3.082733333,0.624750209,4.670708727,5.118157965,11.16963259
Peru,moist,0.2827,8.352055,6.770468611,0.437956017,9.373944941,15.75959735,26.57512499
Peru,moist,0.2827,6.631264,4.125502778,0.510479911,6.353310557,10.08785442,18.93463194
Peru,moist,0.2827,6.017004,3.981805556,0.494865469,5.230194858,8.359256748,16.39026135
Peru,wet,0.2827,14.141012,16.3552646,0.502457628,37.14192088,50.39615507,66.92490772
Peru,wet,0.2827,17.431486,27.35856143,0.477842873,80.43231347,65.88078355,84.30025862
Peru,wet,0.2827,13.041835,24.8004129,0.528674819,54.17797894,45.43489011,61.09853985
Peru,wet,0.2827,18.745713,29.51428961,0.522875528,47.66056076,72.30843557,91.17276572
Peru,wet,0.2827,26.799348,31.47120584,0.510860578,73.74003074,114.2852575,131.6420687
Peru,wet,0.2827,15.817142,25.13233194,0.542714078,44.16239009,58.17050337,75.797369
Peru,wet,0.2827,23.958226,24.39700902,0.50502246,55.30779788,99.00486928,117.75499
Peru,wet,0.2827,19.043931,27.4567013,0.540665279,74.51656293,73.78499542,92.72457303
Peru,wet,0.2827,13.792313,24.15477034,0.544668854,49.71522235,48.81010179,65.07653765
Peru,wet,0.2827,12.235196,21.63808554,0.504980428,35.18702537,41.86750501,56.82660685
Peru,wet,0.2827,18.39196,38.30450688,0.518521204,100.1599808,70.56544531,89.32810099
Peru,wet,0.2827,23.390386,40.61161477,0.447314715,102.2144716,96.00959017,114.9230407
Peru,wet,0.2827,16.061808,26.35621998,0.573422361,69.57452874,59.32542377,77.08945747
Peru,wet,0.2827,12.481887,14.09994474,0.571898945,36.82174624,42.95169682,58.1323759
Peru,wet,0.2827,16.401936,30.4822565,0.57189286,101.5071639,60.93917466,78.88387781
Peru,moist,0.2827,1.411,1.663125147,0.512091141,6.264592137,0.797100534,1.197007092
Peru,moist,0.2827,26.8568,31.18940362,0.562855205,138.5309619,140.3363306,122.1705342
Peru,moist,0.2827,24.7327,33.39185151,0.56937714,148.0828277,121.4420226,106.7294671
Peru,moist,0.2827,22.7735,26.629175,0.626432746,140.3469771,105.0665072,93.36985078
Peru,moist,0.2827,20.4288,19.82842225,0.590064225,85.16098915,86.82565041,78.47854408
Peru,moist,0.2827,15.6762,13.17351704,0.543569993,48.39076814,54.55212049,51.89257698
Peru,moist,0.2827,24.4554,15.26617222,0.531960114,70.03879565,119.062459,104.7874138
Peru,moist,0.2827,18.5979,9.459622222,0.553387194,42.3417728,73.63397198,67.67046294
Peru,moist,0.2827,9.8212,5.475963889,0.401562829,10.45375016,24.01038234,25.6455127
Peru,moist,0.2827,5.8831,0.696961245,0.401469929,0.99369797,9.767741042,12.06696327
Peru,moist,0.2827,17.7285,32.50915884,0.573222935,87.36312921,67.69974078,62.78756148
Peru,moist,0.2827,20.4298,23.48430412,0.388838729,56.40831447,86.83310987,78.48464277
Peru,moist,0.2827,16.4043,15.97345056,0.518618405,58.59253947,59.07668872,55.65660684
Peru,moist,0.2827,22.0993,18.80553657,0.367221522,52.34381729,99.66861949,88.96626626
Peru,moist,0.2827,23.7987,28.03409504,0.515034048,107.3652715,113.5082037,100.2557098
Peru,moist,0.2827,27.6099,31.38694527,0.44921271,108.5084844,147.3158508,127.8870413
Peru,moist,0.2827,27.2656,42.43002,0.458407176,179.758664,144.106893,125.2577773
Peru,moist,0.2827,30.8265,36.77829776,0.620172081,204.7030894,178.7499549,153.7498816
Peru,moist,0.2827,22.6349,32.68171739,0.459870309,139.3603815,103.9468319,92.45651394
Peru,moist,0.2827,27.0662,39.27449828,0.563196501,209.0128826,142.2623564,123.7472322
Peru,moist,0.2827,21.0244,22.45276775,0.575514645,96.46608967,91.3172058,82.14891617
Peru,moist,0.2827,24.811,34.76161509,0.531467786,157.0160129,122.1175948,107.2809057
Peru,moist,0.2827,22.359,31.55002586,0.571776709,143.8427791,101.7333646,90.65083281
Peru,moist,0.2827,26.026,31.095151,0.621700277,157.387712,132.8063952,116.0115849
Peru,moist,0.2827,31.9716,37.13755325,0.660884528,212.1201943,190.5664667,163.5301005
Peru,moist,0.2827,23.3634,22.33796469,0.571232701,89.1820943,109.8895866,97.30393406
Peru,moist,0.2827,27.5122,24.39977289,0.543279344,109.3308821,146.4021746,127.1382401
Peru,moist,0.2827,27.9897,27.36880059,0.636497447,137.3236566,150.8908882,130.818377
Peru,moist,0.2827,18.2354,31.4672981,0.506984585,121.7091215,71.13360698,65.61508239
Peru,moist,0.2827,26.9977,35.95063945,0.497321613,145.8633134,141.6310621,123.2303728
Peru,moist,0.2827,26.3201,36.17335914,0.577495566,176.6527136,135.4515289,118.17421
Peru,moist,0.2827,33.6031,32.78357559,0.609030077,191.1059627,207.961157,177.9922222
Peru,moist,0.2827,26.0132,35.85177863,0.608018736,183.9701941,132.6917819,115.9178994
Peru,moist,0.2827,23.2263,24.70660033,0.422609296,77.23069226,108.7603416,96.38283506
Peru,moist,0.2827,22.7765,19.39097793,0.510022681,81.74748076,105.0907997,93.38966617
Peru,moist,0.2827,29.0651,31.91158936,0.5269735,151.0293736,161.2128863,139.2954616
Peru,moist,0.2827,28.6748,34.225006,0.484506596,151.1799701,157.4327227,136.188504
Peru,moist,0.2827,26.6465,28.78924222,0.588406182,128.8279243,138.4134053,120.5969448
Peru,moist,0.2827,30.9166,28.05201718,0.572465948,128.9505991,179.6679054,154.5084222
Peru,moist,0.2827,24.7942,27.89869266,0.56408688,118.9065715,121.9725086,107.1624754
Peru,moist,0.2827,23.2019,30.83044805,0.582658171,129.7577157,108.5598935,96.21933512
Peru,moist,0.2827,25.0943,25.93035073,0.565574574,109.9585881,124.5753625,109.2873952
Peru,moist,0.2827,26.6562,32.98560091,0.589609441,159.1887774,138.5018483,120.6693082
Peru,moist,0.2827,16.3989,16.78230926,0.595648894,53.88455352,59.0425622,55.62828175
Peru,moist,0.2827,31.7886,41.96081711,0.497836654,204.9058523,188.6562302,161.946697
Peru,moist,0.2827,20.5481,28.52418936,0.599770064,131.9134565,87.71750799,79.20763086
Peru,moist,0.2827,7.2071,7.283791132,0.306261656,6.984110371,13.94796783,16.25415711
Peru,moist,0.2827,5.0409,7.342027349,0.309074527,6.519775697,7.447874342,9.612445709
Peru,moist,0.2827,5.0799,6.869904763,0.301753226,6.446933895,7.549300185,9.722401532
Peru,moist,0.2827,23.0541,20.83674837,0.632047358,96.95575249,107.349106,95.23173054
Peru,moist,0.2827,22.9037,18.99385883,0.491602336,67.16139886,106.1230214,94.23164125
Peru,moist,0.2827,25.6386,29.29554232,0.5212215,120.5276238,129.3564308,113.1922743
Peru,moist,0.2827,10.256,6.438952778,0.60468992,25.29822302,25.90705025,27.34854879
Peru,moist,0.2827,24.8758,26.36872038,0.519394461,105.6383919,122.6779079,107.7382919
Peru,moist,0.2827,23.8031,25.80430985,0.533126398,99.42188699,113.5450379,100.285758
Peru,moist,0.2827,23.1314,25.21520639,0.621362652,112.8185838,107.9816241,95.74765743
Peru,moist,0.2827,18.0006,17.63810074,0.530773911,60.56784071,69.53392755,64.29860272
Peru,moist,0.2827,24.6909,31.51715034,0.527347273,92.45661595,121.0820326,106.4356385
Peru,moist,0.2827,16.6172,12.99108379,0.519696921,36.63436651,60.42891227,56.77822573
Peru,moist,0.2827,24.1969,27.74428951,0.528843945,90.28261535,116.8624907,102.9922713
Peru,moist,0.2827,27.6983,32.39261719,0.584078127,169.3538524,148.1446614,128.5664173
Peru,moist,0.2827,6.4337,7.147379073,0.505707187,14.67963834,11.4284294,13.76038296
Peru,moist,0.2827,5.9974,5.709637365,0.532624649,12.16432013,10.10324445,12.41281458
Peru,moist,0.2827,1.2285,1.632825061,0.533039059,3.460009751,0.625089959,0.893552332
Peru,moist,0.2827,11.5676,14.65136744,0.553788377,47.70430527,31.99978225,32.72599979
Peru,moist,0.2827,5.6145,4.182613941,0.534749863,17.06724321,8.998596615,11.26609574
Peru,moist,0.2827,21.3068,23.11434479,0.542322671,92.51998022,93.48083059,83.91584662
Peru,moist,0.2827,3.8046,2.604086615,0.325902546,3.086311337,4.545322249,6.321992737
Peru,moist,0.2827,10.7929,11.85416786,0.50629275,27.18217774,28.33417138,29.50627359
Peru,moist,0.2827,13.6664,24.4597035,0.470372773,68.32766412,42.8778497,42.07747246
Peru,moist,0.2827,4.1053,4.374328335,0.567270427,11.51331226,5.194513914,7.086600571
Peru,moist,0.2827,30.4047,31.42066743,0.605276307,158.1051394,174.4795372,150.223683
Peru,moist,0.2827,29.8413,30.31555038,0.577496549,146.1871836,168.8449647,145.5775213
Peru,moist,0.2827,30.5373,41.52511452,0.607388544,247.824232,175.817227,151.3277883
Peru,moist,0.2827,26.727,34.88971696,0.614751129,185.6417336,139.1481267,121.1981243
Peru,moist,0.2827,30.4791,31.80116198,0.579257954,155.6420987,175.229555,150.8426829
Peru,moist,0.2827,28.8535,27.91553668,0.600356631,133.3661222,159.1586923,137.6067355
Peru,moist,0.2827,27.8447,29.80714273,0.60918422,135.4683305,149.5216592,129.695412
Peru,moist,0.2827,26.5348,26.84428402,0.59273538,124.8971294,137.3966957,119.7651621
Peru,moist,0.2827,26.7547,31.15874541,0.601857349,140.3559318,139.4013308,121.4053251
Peru,moist,0.2827,34.0226,29.53709524,0.57696736,142.8711299,212.5390826,181.8118038
Peru,moist,0.2827,31.7487,41.8002562,0.619711364,253.7590688,188.2408358,161.6024966
Peru,moist,0.2827,29.4133,31.2348116,0.607675641,177.1323663,164.6178187,142.0965544
Peru,moist,0.2827,29.0007,36.31790018,0.506716681,173.9371199,160.5864972,138.7804231
Peru,moist,0.2827,28.6277,31.67331177,0.581582207,145.0375215,156.9791573,135.8159079
Peru,moist,0.2827,27.901,27.88953378,0.588492271,141.5453445,150.05266,130.1308685
Peru,moist,0.2827,27.4415,27.06809535,0.619649493,140.4270386,145.7425241,126.5977147
Peru,moist,0.2827,25.7068,28.24769803,0.609918225,135.063159,129.9609468,113.6861818
Peru,moist,0.2827,27.7978,28.93655615,0.579565478,133.0914616,149.0799342,129.3332065
Peru,moist,0.2827,27.0324,30.70581217,0.592758152,135.9875075,141.9507055,123.4920664
Peru,moist,0.2827,23.8424,20.94503189,0.537628446,69.71319352,113.874262,100.5543315
Peru,moist,0.2827,23.5267,24.3536398,0.557306724,94.54434459,111.2411749,98.40641516
Peru,moist,0.2827,25.4982,31.71132921,0.596818306,141.5758056,128.115763,112.1787417
Peru,moist,0.2827,23.3129,24.24449826,0.587201009,98.61532178,109.4730519,96.96417502
Peru,moist,0.2827,33.1752,42.68871229,0.611147464,235.1055491,203.3358138,174.1388515
Peru,moist,0.2827,28.2495,34.05392878,0.633673942,179.6178659,153.3575856,132.8423007
Peru,moist,0.2827,28.4829,34.86574025,0.619629539,185.1023283,155.5882841,134.6735843
Peru,moist,0.2827,24.2018,26.5425682,0.569588379,96.88126644,116.9040281,103.0261625
Peru,moist,0.2827,31.7889,25.13928367,0.561263361,114.5291226,188.659355,161.9492864
Peru,moist,0.2827,30.5991,32.87615859,0.516732548,164.8766156,176.4421763,151.8437538
Peru,moist,0.2827,25.842,33.97483147,0.590126228,160.1605937,131.1629248,114.6683611
Peru,moist,0.2827,23.1442,19.53802288,0.580913678,78.59786456,108.0865161,95.8332148
Peru,moist,0.2827,17.7382,19.87934386,0.568889848,59.05448806,67.76476427,62.84115938
Peru,moist,0.2827,19.5158,21.04204289,0.601184489,73.48610697,80.13062796,72.99967281
Peru,moist,0.2827,11.2994,13.77002699,0.556638103,42.75644254,30.70906574,31.59714573
Peru,moist,0.2827,22.4717,30.2133348,0.569356758,122.8119468,102.6350482,91.38642275
Peru,moist,0.2827,20.067,23.86002999,0.571414374,75.60293828,84.14494037,76.28608855
Peru,moist,0.2827,15.8047,11.54942859,0.576443887,33.31291621,55.33936364,52.548811
Peru,moist,0.2827,16.5275,20.00571844,0.571930162,63.89535459,59.85758244,56.30450054
Peru,moist,0.2827,18.624,19.75302573,0.58478989,93.15602088,73.81543107,67.81952473
Peru,moist,0.2827,15.8768,15.07034535,0.553465267,45.31700651,55.78320127,52.91853041
Peru,moist,0.2827,11.2213,13.51850782,0.590564463,40.17494167,30.33751276,31.27124618
Peru,moist,0.2827,17.0373,17.38639256,0.545473027,57.84207375,63.13567715,59.01935804
Peru,moist,0.2827,17.3258,19.0024429,0.557214099,59.17507124,65.02400573,60.57993167
Peru,moist,0.2827,16.746,19.29317678,0.560705429,62.60722886,61.25336334,57.46140098
Peru,moist,0.2827,19.2996,21.78806841,0.546551173,76.14261673,78.57917037,71.72831438
Peru,moist,0.2827,18.9854,25.44880229,0.547003012,83.82757341,76.34776708,69.89840024
Peru,moist,0.2827,17.7431,18.53363161,0.509680956,58.17410733,67.79762141,62.86824216
Peru,moist,0.2827,19.3878,21.59208515,0.58723955,82.27155862,79.21052009,72.24577009
Peru,moist,0.2827,21.8006,21.21767093,0.614442966,80.45592862,97.31636258,87.04678475
Peru,moist,0.2827,15.9375,15.35400488,0.574352337,47.43610606,56.15804413,53.23063585
Peru,moist,0.2827,16.8366,17.21058751,0.521380257,52.02176147,61.83617295,57.94404518
Peru,moist,0.2827,28.7845,27.24816439,0.592063618,153.7816714,158.491298,137.0582654
Peru,moist,0.2827,36.6048,36.95906445,0.612550418,223.1496399,241.6563716,206.2433278
Peru,moist,0.2827,26.1513,35.17827865,0.641835725,193.151421,133.9305985,116.9306049
Peru,moist,0.2827,32.6696,36.90331186,0.588866458,191.5992337,197.9283688,169.6411542
Peru,moist,0.2827,36.3896,47.2593199,0.518486384,254.1759759,239.1684831,204.1463082
Peru,moist,0.2827,31.2286,34.9240617,0.50990544,177.7559485,182.8622179,157.1495987
Peru,moist,0.2827,32.6219,44.63890906,0.473781033,211.1078015,197.4214516,169.219916
Peru,moist,0.2827,28.7122,40.8239836,0.471629317,184.6738419,157.7932797,136.4847245
Peru,moist,0.2827,37.328641,51.45544214,0.600436329,308.3784725,250.1057023,213.3787347
Peru,moist,0.2827,35.795411,53.47491057,0.501091017,247.343961,232.3567751,198.4139753
Peru,moist,0.2827,36.220152,35.8754338,0.580139913,197.9118537,237.2173246,202.5029544
Peru,moist,0.2827,28.961169,25.04463904,0.395202596,86.26303794,160.2025171,138.4647417
Peru,moist,0.2827,13.444511,7.162031573,0.53715156,18.54750136,41.6635254,41.04545953
Peru,moist,0.2827,4.457888,10.41006715,0.399969913,11.98425496,6.00272854,8.012861752
Peru,moist,0.2827,3.006185,5.068784611,0.348518395,5.186515855,3.006304774,4.411015193
Peru,moist,0.2827,1.229814,2.827714795,0.302088119,2.355518306,0.626263862,0.895677832
Peru,moist,0.2827,5.502837,6.993309752,0.375930216,9.189023934,8.686859655,10.93809458
Peru,moist,0.2827,6.438678,10.06673328,0.306391318,10.18724881,11.44395332,13.77600692
Peru,moist,0.2827,9.362691,9.549776207,0.339215259,13.43619163,22.07786566,23.89278659
Peru,moist,0.2827,23.223645,28.98461709,0.573136345,150.5250897,108.7385228,96.36503809
Peru,moist,0.2827,23.791975,31.28061137,0.567421098,183.693442,113.451916,100.209792
Peru,moist,0.2827,7.99947,10.9618445,0.33346106,12.15276699,16.75007188,18.94564027
Peru,moist,0.2827,8.186527,8.539689925,0.307055663,10.19047787,17.44355085,19.60090711
Peru,moist,0.2827,6.311844,15.25380479,0.304121146,13.10176692,11.05125252,13.37966887
Peru,moist,0.2827,4.638832,8.692838365,0.307632583,9.030654549,6.43687954,8.500363591
Peru,moist,0.2827,5.616664,4.811542617,0.363318318,6.468839981,9.004684663,11.27248108
Peru,moist,0.2827,10.794947,10.47650071,0.554577001,27.4300155,28.34360362,29.51461578
Peru,moist,0.2827,1.953181,2.890602778,0.52841469,6.18544927,1.410443944,2.185845177
Peru,moist,0.2827,3.226134,0.816036111,0.424190233,1.42012791,3.40294665,4.919540864
Peru,moist,0.2827,23.178157,25.40154251,0.570543606,98.74136408,108.3649955,96.06036234
Peru,moist,0.2827,8.952953,3.635772222,0.342286472,6.438808813,20.41025462,22.36415829
Peru,moist,0.2827,23.151336,29.70927595,0.591325323,120.5740898,108.1450124,95.88092855
Peru,moist,0.2827,22.195904,22.50328163,0.593344682,86.53278914,100.434542,89.59118881
Peru,moist,0.2827,24.129702,22.96229777,0.591627991,96.74880178,116.2934937,102.5280233
Peru,wet,0.2827,24.895899,31.28093685,0.516046249,91.22706317,79.18010095,100.0774019
Peru,wet,0.2827,18.043406,24.17704804,0.486540594,54.67643642,48.11895936,58.82021234
Peru,wet,0.2827,23.729366,31.70382331,0.484238812,79.42069794,73.51428892,92.28040298
Peru,wet,0.2827,21.256606,31.37620207,0.474905863,72.07928808,62.0057739,76.81379686
Peru,wet,0.2827,29.748014,27.93333673,0.561869767,80.6235279,104.2927282,136.0530528
Peru,wet,0.2827,21.555443,21.32896752,0.500933488,48.37936198,63.35957912,78.60723435
Peru,wet,0.2827,23.842887,25.08884303,0.480230133,64.27184689,74.05910452,93.02494676
Peru,wet,0.2827,16.954306,17.58616469,0.466553558,39.18052238,43.70033726,53.24875484
Peru,wet,0.2827,27.51678,33.79430384,0.545219407,111.0411681,92.44181123,118.7908508
Peru,wet,0.2827,20.892515,23.2166982,0.497028078,58.0932408,60.37037656,74.65660647